Workbook

Sheet All Details for ACID Pastor
A1: S.No | B1: Reg.No | C1: Name | D1: Designation | E1: Office | F1: Educational Qualification | G1: Marital Status | H1: Spouse Name | I1: Citizen | J1: Referred By | K1: D.O.B | L1: Gender | M1: E-mail Address | N1: Contact Address | O1: Church Name | P1: District | R1: Phone No. | S1: Date of Ordination | T1: 2014 | U1: 2015 | V1: 2016 | W1: 2017 | X1: 2018 | Y1: 2019 | Z1: 2020 | AA1: 2021 | AB1: 2022 | AC1: 2023 | AD1: 2024 | AE1: 2025 | AF1: No. of Renewal O1 | AG1: No. of Renewal O2 | AH1: No. of Renewal O3 | AI1: No. of Renewal O4 | AJ1: No. of Renewal O5 | AK1: No. of Renewal O6 | AL1: No. of Renewal O7 | AM1: No. of Renewal O8 | AN1: No. of Renewal O9 | AO1: No. of Renewal O10 | AP1: No. of Renewal O11 | AQ1: No. of Renewal O12 | AR1: No. of Renewal O13 | AS1: No. of Renewal O14 | AT1: No. of Renewal O15 | AU1: No. of Renewal O16 | AV1: No. of Renewal O17 | AW1: No. of Renewal O18 | AX1: No. of Renewal O19 | AY1: 2026 | AZ1: Status | BA1: No. of Renewal O20 | BB1: No. Of Renewal 021 | BC1: No. Of Renewal 022 | BD1: No. Of Renewel 023 | BE1: No. Of Renewel 024 | BF1: Total
A2: 1 | B2: TN0001 | C2: Rt.Rev. S. Johnson Durai | D2: Bishop &chairman/synod member | E2: Bishop | K2: 10.06.1966 | L2: M | M2: revjohnsondurai@gmail.com | N2: 7-1-18B 2/1, Thiyaki Alagarsamy Street, Anna Nagar, Batlagundu, Dindigul - 624202. | O2: Power In The Word Church | P2: Dindigul | Q2: Tamil Nadu | R2: 9486485810 | AF2: - | AZ2: Active | BF2: -
A3: 2 | B3: TN0003 | C3: Rev. T. Anandaraj | D3: Member | E3: Pastor | J3: Rt. Rev. S. Johnson Durai | K3: 11.07.1970 | L3: M | M3: anand@fficc.org.in | N3: Shalom, 25 RR Gardens, Edayarpalayam, Coimbatore – 641 012, Tamil Nadu. | O3: Faith Family International Christian Center | P3: Coimbatore | Q3: Tamil Nadu | R3: +91 9244836354 | S3: 10.10.2013 O1 | AF3: =COUNTA('All Details for ACID Pastor'!$T3:$AB3) -> 0 | AZ3: Active | BF3: =COUNTA('All Details for ACID Pastor'!$T3:$AB3) -> 0
A4: 3 | B4: TN0005 | C4: Rev. R. John Durai | D4: Vice Chairman/Synod Member | E4: Evangelist | K4: 06.08.1958 | L4: M | M4: rjdwonder@yahoo.com | N4: Plot No. 4, Anbu Nagar 2nd Street, Opp. Ellis Nagar Telephone Exchange, Madurai – 625 010, Tamil Nadu. | O4: Wonder Word Ministries | P4: Madurai | Q4: Tamil Nadu | R4: +91 9842115753 | S4: 10.10.2013 O1 | T4: 16.10.2014 | AF4: =COUNTA('All Details for ACID Pastor'!$T4:$AB4) -> 1 | AZ4: Active | BF4: =COUNTA('All Details for ACID Pastor'!$T4:$AB4) -> 1
A5: 4 | B5: TN0007 | C5: Rev. A. Pounraj | D5: Trustee | E5: Pastor | J5: Rt. Rev. S. Johnson Durai | K5: 10.11.1973 | L5: M | N5: No:135, Kaloor Road, Appasamy Nagar, Tindivanam – 604 002, Tamil Nadu. | O5: Apostolic Fellowship Tabernacle | P5: Villupuram | Q5: Tamil Nadu | R5: +91 9894961442 | S5: 10.10.2013 O1 | T5: 16.10.2014 | AF5: =COUNTA('All Details for ACID Pastor'!$T5:$AB5) -> 1 | AZ5: Active | BF5: =COUNTA('All Details for ACID Pastor'!$T5:$AB5) -> 1
A6: 5 | B6: TN0008 | C6: Rev. K. Daniel Hagin | D6: Member | E6: Pastor | J6: Rt. Rev. S. Johnson Durai | K6: 15.05.1976 | L6: M | M6: danielhagin@gmail.com | N6: 2/32, Fathima TheaterRoad, Anna Nagar, Allinagaram – 625 531, Theni (Dt),Tamil Nadu. | O6: God’s Word Church | P6: Theni | Q6: Tamil Nadu | R6: +91 99941 80893 | S6: 10.10.2013 O1 | T6: 12.02.2015 | U6: 12.10.2015 | V6: 12.10.2016 | W6: 12.10.2017 | X6: 16.10.2018 | Y6: 15.10.2019 | AA6: 13/10/2021 | AC6: 11.10.2023 | AF6: =COUNTA('All Details for ACID Pastor'!$T6:$AB6) -> 7 | AZ6: Active | BF6: 8
A7: 6 | B7: TN0009 | C7: Rev. A. Vanjinathan | D7: Member | E7: Pastor | J7: Rev.M. R. Davidraj | K7: 07.06.1974 | L7: M | M7: ifmtrust@gmail.com | N7: No.5 Chakkaravarthi School, Mamarathupatti Road,Usilampatti - 625532, Theni [Dt], Tamil Nadu. | O7: Apostolic Fellowship Tabernacle Church | P7: Madurai | Q7: Tamil Nadu | R7: +91 9940835781 | S7: 10.10.2013 O1 | T7: 12.02.2015 | U7: 12.10.2015 | V7: 12.10.2016 | W7: 12.10.2017 | X7: 24.01.2018 | Y7: 11.04.2019 | Z7: 13/10/2021 | AA7: 13/10/2021 | AB7: 13/10/2021 | AF7: =COUNTA('All Details for ACID Pastor'!$T7:$AB7) -> 9 | AZ7: Active | BF7: =COUNTA('All Details for ACID Pastor'!$T7:$AB7) -> 9
A8: 7 | B8: TN0010 | C8: Rev. M. Samuel | D8: Synod Member | E8: Pastor | J8: Rev. R. Gnanainbavanan | K8: 09.05.1974 | L8: M | M8: samsatheeshmaha224@gmail.com | N8: Plot No.28, Alagu Nagar, Eb Colony, Sornamahal Plot, Batlagundu – 624 202,Dindigul (Dt), Tamil Nadu. | O8: Meetpar Church | P8: Dindigul | Q8: Tamil Nadu | R8: 91 98659 46224 | S8: 10.10.2013 O1 | T8: 16.10.2014 | U8: 16.10.2015 | V8: 08.11.2016 | W8: 12.10.2017 | X8: 16.10.2018 | Y8: 02.11.2019 | AF8: =COUNTA('All Details for ACID Pastor'!$T8:$AB8) -> 6 | AZ8: Active | BF8: =COUNTA('All Details for ACID Pastor'!$T8:$AB8) -> 6
A9: 8 | B9: TN0011 | C9: Rev. I. Thilipkumar | D9: Member | E9: Pastor | J9: Rt. Rev. S. Johnson Durai | K9: 03.02.1961 | L9: M | M9: revthilipncm@gmail.com | N9: 2 - 420 (1/2/3) I, Kurinji Nagar, Gandhi Nagar, Batlagundu (Po), Dindigul, Tamil Nadu - 624202. | O9: New Covenant Ministries Church | P9: Dindigul | Q9: Tamil Nadu | R9: 91 98652 78962 | S9: 10.10.2013 O1 | U9: 12.04.2023 | V9: 12.04.2023 | W9: 12.04.2023 | X9: 12.04.2023 | Y9: 12.04.2023 | Z9: 12.04.2023 | AA9: 12.04.2023 | AB9: 12.04.2023 | AC9: 12.04.2023 | AZ9: Active | BB9: 9 | BF9: 9
A10: 9 | B10: TN0012 | C10: Rev. R. Gnana Inbavanan | D10: D. O. S & Synod Member | E10: Pastor | J10: John Peter | K10: 07.05.1959 | L10: M | N10: Blessed Hope Fellowship Church, Gandhi Nagar Main Road, Batlagundu – 624202. Dindigul District. Tamil Nadu. | O10: Blessed Hope Fellowship Church | P10: Dindigul | Q10: Tamil Nadu | R10: +91 9787023637 | S10: 10.10.2013 O1 | T10: 12.02.2015 | U10: 16.10.2015 | V10: 12.10.2016 | W10: 12.10.2017 | X10: 16.10.2018 | Y10: 13/10/2021 | Z10: 13/10/2021 | AA10: 13/10/2021 | AF10: =COUNTA('All Details for ACID Pastor'!$T10:$AB10) -> 8 | AZ10: Active | BF10: =COUNTA('All Details for ACID Pastor'!$T10:$AB10) -> 8
A11: 10 | B11: TN0014 | C11: Rev. R. Elisha Anbu | D11: Member | E11: Apostle Pastor | J11: Rev.M. R. Davidraj | K11: 01.01.1977 | L11: F | M11: pastorelishaanbu@gmail.com | N11: Foundation On The Holy Word Church, Kakkanji Nagar, E.Pudukodai, Periyakulam (Tk), Theni – 625 605, Tamil Nadu. | O11: Foundation On The Holy Word Church | P11: Theni | Q11: Tamil Nadu | R11: +91 90472 76721 | S11: 10.10.2013 O1 | T11: 04.11.2014 | U11: 25.02.2020 | V11: 25.02.2020 | W11: 25.02.2020 | X11: 25.02.2020 | Y11: 25.02.2020 | AF11: =COUNTA('All Details for ACID Pastor'!$T11:$AB11) -> 6 | AZ11: Active No response | BF11: =COUNTA('All Details for ACID Pastor'!$T11:$AB11) -> 6
A12: 11 | B12: TN0015 | C12: Rev. M. Paul David | D12: Member | J12: Rt. Rev. S. Johnson Durai | K12: 25.05.1978 | L12: M | M12: pauldd@gmail.com | N12: 50-1, Avin Nagar, Vandiyur – 625 020,Madurai (Dt), Tamil Nadu. | O12: Living Light Church | P12: Madurai | Q12: Tamil Nadu | R12: +91 99522 00361 | S12: 10.10.2013 O1 | AF12: =COUNTA('All Details for ACID Pastor'!$T12:$AB12) -> 0 | AZ12: In active | BF12: =COUNTA('All Details for ACID Pastor'!$T12:$AB12) -> 0
A13: 12 | B13: TN0016 | C13: Rev. A. Epsebai | D13: Member | E13: Associate Pastor | J13: Rt. Rev. S. Johnson Durai | K13: 24.03.1964 | L13: F | N13: 7/1/18B2/1, Thiyaki Anlagarsamy St, Annanagar,Batlagundu-624202, Dindigul[Dt] Tamilnadu. | O13: Power In The Word Church | P13: Dindigul | Q13: Tamil Nadu | R13: 91 9486907064 | S13: 10.10.2013 O1 | T13: 16.10.2014 | U13: 24.10.2015 | V13: 12.04.2022 | W13: 12.04.2022 | X13: 12.04.2022 | Y13: 12.04.2022 | Z13: 12.04.2022 | AA13: 12.04.2022 | AB13: 12.04.2022 | AF13: =COUNTA('All Details for ACID Pastor'!$T13:$AB13) -> 9 | AZ13: Active | BF13: =COUNTA('All Details for ACID Pastor'!$T13:$AB13) -> 9
A14: 13 | B14: TN0018 | C14: Mrs. A. Helen Ruth | D14: Member | E14: Associate Pastor | J14: Rev. T. Anandaraj | K14: 31.03.1970 | L14: F | M14: helen@fficc.org.in | N14: Faith Family International Christian Center, Shalom, 25, RR Gardens, Edayarpalayam, Coimbatore – 641 012. Tamil Nadu. | O14: Faith Family International Christian Center | P14: Coimbatore | Q14: Tamil Nadu | R14: 91 9150185391 | S14: 10.10.2013 O1 | T14: 30.05.2015 | U14: 15.01.2016 | AF14: =COUNTA('All Details for ACID Pastor'!$T14:$AB14) -> 2 | AZ14: Active | BF14: =COUNTA('All Details for ACID Pastor'!$T14:$AB14) -> 2
A15: 14 | B15: TN0022 | C15: Rev. Daniel A. Swaminathan | D15: Member | E15: Pastor | J15: Rev.M. R. Davidraj | K15: 01.01.1959 | L15: M | N15: Jesus The Way Grace Ministries, PTR Nagar, Kalmedu, Sakkimangalam – 625 201 Madurai (Dt), Tamil Nadu. | O15: Jesus The Way Grace Ministries | P15: Madurai | Q15: Tamil Nadu | R15: +91 96552 10719 | S15: 10.10.2013 O1 | T15: 16.10.2014 | U15: 12.04.2018 | V15: 12.04.2018 | W15: 12.04.2018 | X15: 25.02.2020 | Y15: 25.02.2020 | AF15: =COUNTA('All Details for ACID Pastor'!$T15:$AB15) -> 6 | AZ15: Active | BF15: =COUNTA('All Details for ACID Pastor'!$T15:$AB15) -> 6
A16: 15 | B16: TN0023 | C16: Rev. B. Sesan George | D16: D.O.S | E16: Pastor | J16: Rt. Rev. S. Johnson Durai | K16: 06.09.1971 | L16: M | N16: Church Of God, Mohan Nagar 1st Street,Sugar Factory (Opp), Pugalur. – 639 113.Karur [Dt], Tamil Nadu. | O16: Church Of God | P16: Karur | Q16: Tamil Nadu | R16: 89258 01073 | S16: 10.10.2013 O1 | T16: 16.10.2014 | U16: 16.10.2015 | V16: 12.10.2016 | W16: 12.04.2018 | X16: 11.04.2019 | Y16: 16.10.2019 | AF16: =COUNTA('All Details for ACID Pastor'!$T16:$AB16) -> 6 | AZ16: Active | BF16: =COUNTA('All Details for ACID Pastor'!$T16:$AB16) -> 6
A17: 16 | B17: TN0024 | C17: Rev. S. Stephen Nagappan | D17: Member | E17: Pastor | K17: 18.08.1970 | L17: M | N17: 2/1102a, State Bank Colony, Satchiyapuram, Sivakasi – 626 124,Virudhunagar [Dt], Tamil Nadu. | O17: Word Of God Prayer House | P17: Viruthunagar | Q17: Tamil Nadu | R17: +91 9944413575 | S17: 10.10.2013 O1 | T17: 16.10.2014 | U17: 14.10.2017 | V17: 14.10.2017 | W17: 11.04.2019 | X17: 11.04.2019 | AF17: =COUNTA('All Details for ACID Pastor'!$T17:$AB17) -> 5 | AZ17: Active | BF17: =COUNTA('All Details for ACID Pastor'!$T17:$AB17) -> 5
A18: 17 | B18: TN0025 | C18: Rev. R. David Pachaimuthu | D18: Member | E18: Pastor | J18: Pr. P. Immanuel | K18: 05.06.1969 | L18: M | N18: Malaival Maruvzhvu Christian Church, Palkadai Village, Vadakadu – 624 619, Oddanchatram Taluk, Dindigul [Dt], Tamil Nadu. | O18: Malaival Maruvzhvu Christian Church | P18: Dindigul | Q18: Tamil Nadu | R18: +91 9488243775 | S18: 10.10.2013 O1 | T18: 22.12.2014 | U18: 12.02.2015 | V18: 12.10.2016 | W18: 12.10.2017 | X18: 12.04.2018 | Y18: 16.10.2018 | Z18: 15.10.2019 | AF18: =COUNTA('All Details for ACID Pastor'!$T18:$AB18) -> 7 | AZ18: Active | BF18: =COUNTA('All Details for ACID Pastor'!$T18:$AB18) -> 7
A19: 18 | B19: TN0026 | C19: Rev. S. Sundaram | D19: Member | E19: Pastor | J19: Rev.M. R. Davidraj | K19: 16.06.1964 | L19: M | N19: 27 – N – 102, Adhi Dravidar Street, Vettamangalam, Melbagam – 639 117, Karur (Dt), Tamil Nadu. | O19: Voice Of El-Shadai Ministry | P19: Karur | Q19: Tamil Nadu | R19: +91 80988 22759 | S19: 10.10.2013 O1 | T19: 16.10.2014 | U19: 19.04.2017 | V19: 19.04.2017 | AF19: =COUNTA('All Details for ACID Pastor'!$T19:$AB19) -> 3 | AZ19: In active | BF19: =COUNTA('All Details for ACID Pastor'!$T19:$AB19) -> 3
A20: 20 | B20: TN0028 | C20: Rev. V. David @ Senthil Kumaran | D20: Member | E20: Pastor | J20: Rev. A. Chinnappadoss | K20: 12.12.1969 | L20: M | M20: theshoutofaking@gmail.com | N20: Thideer Colony, Meenampatti North, Sivakasi –626 189, Virudhunagar [Dt], Tamil Nadu. | O20: Open Bible Church Of God | P20: Viruthunagar | Q20: Tamil Nadu | R20: 97518 56777 | S20: 10.10.2013 O1 | T20: 16.10.2014 | U20: 19.04.2017 | AF20: =COUNTA('All Details for ACID Pastor'!$T20:$AB20) -> 2 | AZ20: In active | BF20: =COUNTA('All Details for ACID Pastor'!$T20:$AB20) -> 2
A21: 21 | B21: TN0029 | C21: Rev. A.J. Amos Moorthy | D21: Member | E21: Pastor | J21: Rev. T. Anandaraj | K21: 10.06.1975 | L21: M | M21: mercy_chome@yahoo.com | N21: No:127/1, Main Road, Church Street, Gandhi Nagar,Vembakkam, Cheiyyar [Tk], Thiruvannamalai [Dt ] - 604 410, | O21: All India Village Christian Center | P21: Thiruvannamalai | Q21: Tamil Nadu | R21: 7845862698 | S21: 10.10.2013 O1 | AF21: =COUNTA('All Details for ACID Pastor'!$T21:$AB21) -> 0 | AZ21: In active | BF21: =COUNTA('All Details for ACID Pastor'!$T21:$AB21) -> 0
A22: 22 | B22: TN0030 | C22: Rev. S. Michael @ Baskaran | D22: Member | E22: Pastor | J22: Rev.M. R. Davidraj | K22: 28.02.1967 | L22: M | M22: tamilmissionchurch@gmail.com | N22: H – 117, Malligai Nagar, Anaiyur, Madurai - 625 017, Tamil Nadu. | O22: Tamil Mission Church | P22: Madurai | Q22: Tamil Nadu | R22: 98949 14260 | S22: 10.10.2013 O1 | T22: 12.02.2014 | U22: 12.02.2015 | V22: 11.10.2023 | W22: 11.10.2023 | X22: 11.10.2023 | Y22: 11.10.2023 | Z22: 11.10.2023 | AA22: 11.10.2023 | AB22: 11.10.2023 | AC22: 11.10.2023 | AD22: 11.10.2023 | AF22: =COUNTA('All Details for ACID Pastor'!$T22:$AB22) -> 9 | AZ22: Active | BF22: 12
A23: 23 | B23: TN0031 | C23: Rev. R. Venu Gopal | D23: Member | E23: Pastor | J23: Rev.M. R. Davidraj | K23: 05.04.1965 | L23: M | M23: kartharvenu@gmail.com | N23: 354 – N, Prof. Appadurai Compound, Kambar Cross Street, Vinayaga Nagar, Pasumalai,Madurai (Dt) – 625 004. Tamil Nadu. | O23: Grace Prayer Church | P23: Madurai | Q23: Tamil Nadu | R23: 98423 08423 | S23: 10.10.2013 O1 | AF23: =COUNTA('All Details for ACID Pastor'!$T23:$AB23) -> 0 | AZ23: In active | BF23: =COUNTA('All Details for ACID Pastor'!$T23:$AB23) -> 0
A24: 24 | B24: TN0032 | C24: Rev. M. Mohanraj | D24: Member | E24: Pastor | J24: Rev.M. R. Davidraj | K24: 12.07.1976 | L24: M | N24: 12/1/44, Middle Street, Elumalai, Peraiyur, (Tk). Madurai. (Dt) Pin-625 535. | O24: United Mission To India | P24: Madurai | Q24: Tamil Nadu | R24: 96003 56581 | S24: 10.10.2013 O1 | AF24: =COUNTA('All Details for ACID Pastor'!$T24:$AB24) -> 0 | AZ24: In active | BF24: =COUNTA('All Details for ACID Pastor'!$T24:$AB24) -> 0
A25: 25 | B25: TN0033 | C25: Rev. S. John Kennady | D25: Member | E25: Pastor | J25: Rev.M. R. Davidraj | K25: 07.02.1969 | L25: M | N25: 4/50, Kmt House, Pillaiyarnatham, Vayaloor, Madurai (Dt) – 625 402,Tamilnadu. | O25: United Mission To India | P25: Madurai | Q25: Tamil Nadu | R25: 98651 97725 | S25: 10.10.2013 O1 | AF25: =COUNTA('All Details for ACID Pastor'!$T25:$AB25) -> 0 | AZ25: In active | BF25: =COUNTA('All Details for ACID Pastor'!$T25:$AB25) -> 0
A26: 26 | B26: TN0034 | C26: Rev. A.Sudan Abraham | D26: Member | E26: Pastor | J26: Rev.M. R. Davidraj | K26: 28.12.1950 | L26: M | N26: Jesus Good News Prayer House,Keelady (Po), Silaiman, Sivagangai. Madurai (Dt), Tamil Nadu. | O26: Jesus Good News Prayer House | P26: Madurai | Q26: Tamil Nadu | R26: 96778 22261 | S26: 10.10.2013 O1 | T26: 16.10.2015 | U26: 14.02.2017 | V26: 25.02.2020 | W26: 25.02.2020 | X26: 25.02.2020 | AF26: =COUNTA('All Details for ACID Pastor'!$T26:$AB26) -> 5 | AZ26: Active | BF26: =COUNTA('All Details for ACID Pastor'!$T26:$AB26) -> 5
A27: 27 | B27: TN0035 | C27: Rev. P.K. Joshua | D27: Member | E27: Pastor | J27: Rev.M. R. Davidraj | K27: 15.06.1953 | L27: M | M27: pkjoshuaa@yahoo.co.in | N27: 10, Anand Nagar, Anayur, (Post), Madurai – 625 017, Tamil Nadu. | O27: Rehoboth Prayer House | P27: Madurai | Q27: Tamil Nadu | R27: 94424 07753 | S27: 10.10.2013 O1 | T27: 08.09.2015 | U27: 16.10.2015 | V27: 12.10.2016 | W27: 12.10.2017 | X27: 16.10.2018 | Y27: 15.10.2019 | AA27: 12.04.2022 | AB27: 12.04.2022 | AF27: =COUNTA('All Details for ACID Pastor'!$T27:$AB27) -> 8 | AZ27: Active | BF27: =COUNTA('All Details for ACID Pastor'!$T27:$AB27) -> 8
A28: 28 | B28: TN0036 | C28: Rev. P. Paul Hagin, | D28: Member | E28: Pastor | J28: Rev.M. R. Davidraj | K28: 27.05.1978 | M28: paul.hagin@gmail.com | N28: 2/58, Middle street, puduthamaraipatty post Y. Othakadai via, Madurai District 625107 | O28: Covenant Stone Ministries | P28: Madurai | Q28: Tamil Nadu | R28: 9626135877 | S28: 10.10.2013 O1 | AF28: =COUNTA('All Details for ACID Pastor'!$T28:$AB28) -> 0 | AZ28: In active | BF28: =COUNTA('All Details for ACID Pastor'!$T28:$AB28) -> 0
A29: 29 | B29: TN0037 | C29: Rev. A. Mohanraj | D29: Member | E29: Pastor | J29: Rev. R. Elisha Anbu | K29: 02.01.1982 | N29: 12-3-19, Srimoogambigai Nagar, Karattupatti Melechokkanathapuram [Po] – 625582, Bodinayakkanur, Theni [Dt], Tamil Nadu. | O29: Jesus Miracle Ministry | P29: Theni | Q29: Tamil Nadu | R29: 94429 95950 | S29: 10.10.2013 O1 | T29: 16.10.2014 | AF29: =COUNTA('All Details for ACID Pastor'!$T29:$AB29) -> 1 | AZ29: Visited | BF29: =COUNTA('All Details for ACID Pastor'!$T29:$AB29) -> 1
A30: 31 | B30: TN0039 | C30: Rev. J. Vincent | D30: Member | E30: Pastor | J30: Rev. R. Elisha Anbu | K30: 05.03.1969 | N30: Puthukadu, Obsarvatory (Po) - 624 103, Kodaikannal [Tk], Dindigul (Dt), Tamil Nadu. | O30: Ipc Church | P30: Dindigul | Q30: Tamil Nadu | R30: 80980 94017 | S30: 10.10.2013 O1 | T30: 12.04.2016 | AF30: =COUNTA('All Details for ACID Pastor'!$T30:$AB30) -> 1 | AZ30: In active | BF30: =COUNTA('All Details for ACID Pastor'!$T30:$AB30) -> 1
A31: 32 | B31: TN0040 | C31: Rev. R. Gnanamuthu @ Marimuthu | D31: Member | E31: Pastor | J31: Rev. R. Elisha Anbu | K31: 30.05.1967 | N31: 95 A, North Street, South Venganalloor [Po] – 626 142, Chithambarapuram, Rajapalayam [Tk], Virudhunagar [Dt] Tamil Nadu. | O31: Zion Church | P31: Viruthunagar | Q31: Tamil Nadu | R31: 9597359703 | S31: 10.10.2013 O1 | AF31: =COUNTA('All Details for ACID Pastor'!$T31:$AB31) -> 0 | AZ31: In active | BF31: =COUNTA('All Details for ACID Pastor'!$T31:$AB31) -> 0
A32: 33 | B32: TN0042 | C32: Rev. D. Stephen | D32: Member | J32: Pr. S. Sundram | K32: 28.05.1960 | N32: 93 – Kamaraj Street, Railway Station Back Side, Covery Nagar, Kulithalai – 639 104, Karur (Dt).Tamil Nadu. | O32: Faith Prayer House | P32: Karur | Q32: Tamil Nadu | R32: 74183 23523 | S32: 10.10.2013 O1 | T32: 11.11.2014 | U32: 31.01.2017 | V32: 31.01.2017 | W32: 25.02.2020 | X32: 25.02.2020 | Y32: 25.02.2020 | AF32: =COUNTA('All Details for ACID Pastor'!$T32:$AB32) -> 6 | AZ32: Active | BF32: =COUNTA('All Details for ACID Pastor'!$T32:$AB32) -> 6
A33: 34 | B33: TN0043 | C33: Rev. D. Duraisingh | D33: Member | E33: Pastor | J33: Rev. S. Sambath Solomon | K33: 03.01.1975 | N33: Church Of New Grace, Main Road, Kullappagoundanpatty, Cumbum (Via), Theni [Dt] – 625 516, Tamil Nadu. | O33: Church Of New Grace | P33: Theni | Q33: Tamil Nadu | R33: 9159703810 | S33: 10.10.2013 O1 | T33: 12.02.2015 | U33: 25.02.2020 | V33: 25.02.2020 | W33: 25.02.2020 | X33: 25.02.2020 | Y33: 25.02.2020 | Z33: 25.02.2020 | AF33: =COUNTA('All Details for ACID Pastor'!$T33:$AB33) -> 7 | AZ33: Active No response | BF33: =COUNTA('All Details for ACID Pastor'!$T33:$AB33) -> 7
A34: 35 | B34: TN0044 | C34: Rev.P. Thaga Raju | D34: Member | J34: Pr. S. Sundram | K34: 15.05.1958 | N34: Jesus Love’s Ministry, Sarakkampatty, Veeranampatty, Kadavoor (Tk), Karur [Dt]– 621 301, Tamil Nadu. | O34: Jesus Love’s Ministry | P34: Karur | Q34: Tamil Nadu | R34: 91592 47093 | S34: 10.10.2013 O1 | T34: 16.10.2015 | AF34: =COUNTA('All Details for ACID Pastor'!$T34:$AB34) -> 1 | AZ34: In active | BF34: =COUNTA('All Details for ACID Pastor'!$T34:$AB34) -> 1
A35: 36 | B35: TN0045 | C35: Rev. S. Joseph Vimal Raj | D35: Member | E35: Worship Leader | J35: Pr. S. Sundram | K35: 04.12.1992 | M35: vimalraj1992@gmail.com | N35: 102, Vettamangalam, Vettamangalam– 639 117, Karur [Dt], Tamil Nadu. | O35: Elshaddai Believer’s Church | P35: Karur | Q35: Tamil Nadu | R35: 86755 52384 | S35: 10.10.2013 O1 | T35: 16.10.2014 | AF35: =COUNTA('All Details for ACID Pastor'!$T35:$AB35) -> 1 | AZ35: In active | BF35: =COUNTA('All Details for ACID Pastor'!$T35:$AB35) -> 1
A36: 37 | B36: TN0046 | C36: Rev. R. Ealiya | D36: Member | E36: Pastor | J36: Rev. J. Job | K36: 07.03.1982 | N36: 8. W/223, Seetharam Nagar, Sakkampatty, Antipatty, Theni (Dt) - 625 512. Tamil Nadu. | O36: Aci – Ulagaratchagar Jesus Ministry | P36: Theni | Q36: Tamil Nadu | R36: 99658 39209 | S36: 10.10.2013 O1 | T36: 04.11.2014 | U36: 16.10.2015 | V36: 16.10.2018 | W36: 16.10.2018 | X36: 16.10.2018 | AF36: =COUNTA('All Details for ACID Pastor'!$T36:$AB36) -> 5 | AZ36: Active Visited | BF36: =COUNTA('All Details for ACID Pastor'!$T36:$AB36) -> 5
A37: 38 | B37: TN0047 | C37: Rev. D. Yesupatham | D37: Member | E37: Pastor | J37: Rev. J. Job | K37: 19.06.1975 | N37: Cef – Glory Of Church, Anna Nagar, Madurai Road, Theni – 625 531. Tamil Nadu. | O37: Cef – Glory Of Church | P37: Theni | Q37: Tamil Nadu | R37: 77084 11074 | S37: 10.10.2013 O1 | T37: 04.11.2014 | AF37: =COUNTA('All Details for ACID Pastor'!$T37:$AB37) -> 1 | AZ37: In active No response | BF37: =COUNTA('All Details for ACID Pastor'!$T37:$AB37) -> 1
A38: 39 | B38: TN0048 | C38: Rev. A. Chinnappadoss | D38: D.O.S | E38: Pastor | J38: Rev. J. Job | K38: 30.11.1974 | L38: M | M38: jeevapathailsvk@gmail.com | N38: 3/274 – D5 Mayiladundurai, Anuppankulam – 626 189, Sivakasi [Tk], Virudhunagar [Dt], Tamil Nadu. | O38: Apostolic Christian Ministries Foundation | P38: Viruthunagar | Q38: Tamil Nadu | R38: 99446 62106 | S38: 10.10.2013 O1 | T38: 04.11.2014 | U38: 16.10.2015 | V38: 19.04.2016 | W38: 12.04.2018 | X38: 16.10.2018 | Y38: 03.12.2019 | Z38: 13/10/2021 | AA38: 13/10/2021 | AB38: 13/10/2021 | AD38: 10.04.2024 | AF38: =COUNTA('All Details for ACID Pastor'!$T38:$AB38) -> 9 | AZ38: Active | BE38: 1 | BF38: 10
A39: 40 | B39: TN0049 | C39: Rev. K. Joshua | D39: Member | E39: Pastor | J39: Rev. J. Job | K39: 30.07.1980 | N39: Living Jesus Ministries, Vaigaipudur,Vaigaidam, Theni [Dt] – 625 562, Tamil Nadu. | O39: Living Jesus Ministries | P39: Theni | Q39: Tamil Nadu | R39: 9843882971 | S39: 10.10.2013 O1 | T39: 16.10.2014 | U39: 16.10.2015 | AF39: =COUNTA('All Details for ACID Pastor'!$T39:$AB39) -> 2 | AZ39: Not Willing | BF39: =COUNTA('All Details for ACID Pastor'!$T39:$AB39) -> 2
A40: 41 | B40: TN0050 | C40: Rev. I. Christhudas | D40: Member | E40: Pastor | J40: Rev. J. Job | K40: 13.01.1965 | N40: W4b8 – 14, Main Street, Rathinam Nagar, Theni (Dt) – 625 531, Tamil Nadu. | O40: Hossannah Prayer House | P40: Theni | Q40: Tamil Nadu | R40: 97900 81404 | S40: 10.10.2013 O1 | T40: 16.10.2014 | AF40: =COUNTA('All Details for ACID Pastor'!$T40:$AB40) -> 1 | AZ40: In active To be visit | BF40: =COUNTA('All Details for ACID Pastor'!$T40:$AB40) -> 1
A41: 42 | B41: TN0051 | C41: Rev. P. A. Pavul | D41: Member | E41: Pastor | J41: Rev. J. Job | K41: 14.03.1977 | M41: tabernacleofgod@rediffmail.com | N41: 29-B, Gokulam Nagar, Periyamaravan Kulam, Thirumangalam, Madurai Tamil Nadu. | O41: The Tabernacle Of God | P41: Madurai | Q41: Tamil Nadu | R41: 9789689647 | S41: 10.10.2013 O1 | T41: 16.10.2014 | U41: 14.06.2016 | V41: 12.10.2016 | AF41: =COUNTA('All Details for ACID Pastor'!$T41:$AB41) -> 3 | AZ41: In active | BF41: =COUNTA('All Details for ACID Pastor'!$T41:$AB41) -> 3
A42: 43 | B42: TN0052 | C42: Rev. S. Daniel | D42: Member | E42: Pastor | J42: Rev.M. R. Davidraj | K42: 09.06.1980 | N42: 5/159, Samithoppu, Kidaripatty, Alagarkovil Road, Madurai [Dt] – 625 301 | O42: Full Gospel New Life Of Christ Ministry | P42: Madurai | Q42: Tamil Nadu | R42: 9363066544 | S42: 10.10.2013 O1 | T42: 16.10.2014 | AF42: =COUNTA('All Details for ACID Pastor'!$T42:$AB42) -> 1 | AZ42: In active | BF42: =COUNTA('All Details for ACID Pastor'!$T42:$AB42) -> 1
A43: 44 | B43: TN0054 | C43: Rev. J. Isravel | D43: Member | E43: Pastor | J43: Rev. R. Elisha Anbu | K43: 01.01.1978 | N43: 4/130, Velan Nagar, Velayuthapuram – 626 102, Rajapalayam [Tk], Virudhunagar [Dt], Tamil Nadu. | O43: New Life Bethel Church | P43: Viruthunagar | Q43: Tamil Nadu | R43: 9489028326 | S43: 10.10.2013 O1 | T43: 20.01.2017 | U43: 20.01.2017 | V43: 20.01.2017 | AF43: =COUNTA('All Details for ACID Pastor'!$T43:$AB43) -> 3 | AZ43: In active | BF43: =COUNTA('All Details for ACID Pastor'!$T43:$AB43) -> 3
A44: 45 | B44: TN0055 | C44: Rev. N. David Anbu @ Anbalagan | D44: Member | E44: Pastor | J44: Rev.M. R. Davidraj | K44: 06.05.1976 | N44: Love Gospel Fellowship Prayer House Janagi Nagar, Police Station Backside, Solavanthan, Madurai [Dt], | O44: Love Gospel Fellowship Prayer House | P44: Madurai | Q44: Tamil Nadu | R44: 9344634226 | S44: 10.10.2013 O1 | AF44: =COUNTA('All Details for ACID Pastor'!$T44:$AB44) -> 0 | AZ44: In active | BF44: =COUNTA('All Details for ACID Pastor'!$T44:$AB44) -> 0
A45: 46 | B45: TN0056 | C45: Rev. C. Paul Jebaraj | D45: Member | E45: Pastor | J45: Rev.M. R. Davidraj | K45: 15.06.1970 | M45: jewijoru1975@gmail.com | N45: 1/4, Athipatty [Po] - 625 705, Peraiyur [Tk], Madurai [Dt], Tamil Nadu. | O45: Fire Anointing Church | P45: Madurai | Q45: Tamil Nadu | R45: 9626569200 | S45: 10.10.2013 O1 | AF45: =COUNTA('All Details for ACID Pastor'!$T45:$AB45) -> 0 | AZ45: In active | BF45: =COUNTA('All Details for ACID Pastor'!$T45:$AB45) -> 0
A46: 47 | B46: TN0057 | C46: Rev. V. Mathanraj @ Madhanrasu | D46: Member | E46: Pastor | J46: Rev. R. Elisha Anbu | K46: 12.08.1950 | N46: 15/1, Flower Garden North Street, Periyakulam, Theni (Dt) – 625 601, Tamil Nadu. | O46: Christhuvin Manavatti Church | P46: Theni | Q46: Tamil Nadu | R46: 97887 30549 | S46: 10.10.2013 O1 | T46: 16.10.2014 | U46: 16.10.2015 | AF46: =COUNTA('All Details for ACID Pastor'!$T46:$AB46) -> 2 | AZ46: In active To be visit | BF46: =COUNTA('All Details for ACID Pastor'!$T46:$AB46) -> 2
A47: 48 | B47: TN0058 | C47: Rev. John Samuel | D47: Trustee/Synod Member | E47: Pastor | J47: Rt. Rev. S. Johnson Durai | K47: 06.04.1991 | N47: 7/1/18B2/1, Thiyaki Anlagarsamy St, Annanagar,Batlagundu-624202 Dindigul [Dt], Tamil Nadu. | O47: Power In The Word Church | P47: Dindigul | Q47: Tamil Nadu | R47: 9791749922 | S47: 10.10.2013 O1 | T47: 16.10.2014 | AF47: =COUNTA('All Details for ACID Pastor'!$T47:$AB47) -> 1 | AZ47: Active | BF47: =COUNTA('All Details for ACID Pastor'!$T47:$AB47) -> 1
A48: 49 | B48: TN0059 | C48: Rev. C. Samuel @ Jeyavelu | D48: Member | E48: Evangelist | J48: Rev. Clement Alex | K48: 10.01.1971 | N48: 920, Road St, Perumalpet, Vembakkam – 604410, Cheyyar [Tk], Thiruvannamalai [Dt], Tamil Nadu. | O48: All India Village Christian Center | P48: Thiruvannamalai | Q48: Tamil Nadu | R48: 9787533021 | S48: 10.10.2013 O1 | AF48: =COUNTA('All Details for ACID Pastor'!$T48:$AB48) -> 0 | AZ48: In active | BF48: =COUNTA('All Details for ACID Pastor'!$T48:$AB48) -> 0
A49: 50 | B49: TN0060 | C49: Rev. N. Muthu Saral | D49: Member | E49: Evangelist | J49: Rev.M. R. Davidraj | K49: 30.04.1953 | N49: 26/29, Visuvasapuri, 3rd Street, Gnanaolivapuram, Madurai – 625 016, Tamil Nadu. | O49: The Voice Of The Lord Ministries | P49: Madurai | Q49: Tamil Nadu | R49: 9788770029 | S49: 10.10.2013 O1 | AF49: =COUNTA('All Details for ACID Pastor'!$T49:$AB49) -> 0 | AZ49: In active | BF49: =COUNTA('All Details for ACID Pastor'!$T49:$AB49) -> 0
A50: 51 | B50: TN0064 | C50: Rev. R. Arul Kumar @ Francis | D50: Member | E50: Pastor | J50: Rev.M. R. Davidraj | K50: 30.05.1963 | N50: 4/1408, Senthil Nathan 1st Street,Thasildhar Nagar, Madurai - 625020, Tamil Nadu. | O50: Zion Vision Ministry | P50: Madurai | Q50: Tamil Nadu | R50: 9345247227 | S50: 10.10.2013 O1 | AF50: =COUNTA('All Details for ACID Pastor'!$T50:$AB50) -> 0 | AZ50: In active | BF50: =COUNTA('All Details for ACID Pastor'!$T50:$AB50) -> 0
A51: 52 | B51: TN0065 | C51: Rev. S. Velmurugan @ David | D51: Member | E51: Pastor | J51: Rev.M. R. Davidraj | K51: 22.05.1983 | N51: 1-1-160a, Muthaiyah Moopapar Street, T. Kallupatti - 625702, Madurai [Dt], Tamil Nadu. | O51: Athisaya Kalvari Church | P51: Madurai | Q51: Tamil Nadu | R51: 9952187752 | S51: 10.10.2013 O1 | T51: 04.11.2014 | AF51: =COUNTA('All Details for ACID Pastor'!$T51:$AB51) -> 1 | AZ51: In active | BF51: =COUNTA('All Details for ACID Pastor'!$T51:$AB51) -> 1
A52: 53 | B52: TN0066 | C52: Rev. S.Vijayan @ Ramesh | D52: Member | E52: Pastor | J52: Rev.M. R. Davidraj | K52: 05.06.1972 | N52: Victory Of Jesus Ministries Railar Nagar, Tnhp Colony, Madurai - 625018, Tamil Nadu. | O52: Victory Of Jesus Ministries | P52: Madurai | Q52: Tamil Nadu | R52: 8098670196 | S52: 10.10.2013 O1 | AF52: =COUNTA('All Details for ACID Pastor'!$T52:$AB52) -> 0 | AZ52: In active | BF52: =COUNTA('All Details for ACID Pastor'!$T52:$AB52) -> 0
A53: 54 | B53: TN0067 | C53: Rev. P. Muralidhara @ Albert | D53: Member | E53: Pastor | J53: Rev.M. R. Davidraj | K53: 23.10.1978 | M53: muralidharan1978@gmail.com | N53: M14, Tnhb Colony, Tamil Nagar, Aanayur, Madurai - 625017 Tamil Nadu. | O53: Immanuel Church | P53: Madurai | Q53: Tamil Nadu | R53: 7667330986 | S53: 12.02.2014 O2 | AG53: =COUNTA('All Details for ACID Pastor'!$U53:$AB53) -> 0 | AZ53: In active | BF53: =COUNTA('All Details for ACID Pastor'!$T53:$AB53) -> 0
A54: 55 | B54: TN0068 | C54: Rev. C. Samuel | D54: Member | E54: Evangelist | J54: Rev.M. R. Davidraj | K54: 21.05.1976 | M54: lahairoi.samuel@gmail.com | N54: Lahai Roi Ministries, 13/55, Pappa Complex, Hanumar Kovil Street, K.V.Salai,Madurai – 18, Tamil Nadu. | O54: Lahai Roi Miracle Church | P54: Madurai | Q54: Tamil Nadu | R54: 9994480343 | S54: 12.02.2014 O2 | AG54: =COUNTA('All Details for ACID Pastor'!$U54:$AB54) -> 0 | AZ54: In active | BF54: =COUNTA('All Details for ACID Pastor'!$T54:$AB54) -> 0
A55: 56 | B55: TN0069 | C55: Rev. T. Winfred @ Krishnakumar | D55: Member | E55: Pastor | J55: Rev. S. Daniel Saravanan | K55: 14.11.1982 | M55: winfredz2012@gmail.com | N55: 42, Pallavan Nagar, 5th Street, Madurai – 625016 Tamil Nadu. | O55: Jerusalem Ministry Of Comfort | P55: Madurai | Q55: Tamil Nadu | R55: 9043080768 | S55: 12.02.2014 O2 | AG55: =COUNTA('All Details for ACID Pastor'!$U55:$AB55) -> 0 | AZ55: In active | BF55: =COUNTA('All Details for ACID Pastor'!$T55:$AB55) -> 0
A56: 57 | B56: TN0070 | C56: Rev. M. Shanmugam @ Inbaraj | D56: Member | E56: Pastor | J56: Rev.M. R. Davidraj | K56: 13.04.1963 | N56: 90/5a, Gopi Appartment, Nehru Street, Sathiyamoorthy Nagar, Bypass Road, Madurai – 625010, Tamil Nadu. | O56: Jesus Glorious Riches Church | P56: Madurai | Q56: Tamil Nadu | R56: 9790362253 | S56: 12.02.2014 O2 | AG56: =COUNTA('All Details for ACID Pastor'!$U56:$AB56) -> 0 | AZ56: In active | BF56: =COUNTA('All Details for ACID Pastor'!$T56:$AB56) -> 0
A57: 58 | B57: TN0071 | C57: Rev. C.A. Jeyaraj | D57: Member | E57: Pastor | J57: Rev.M. R. Davidraj | K57: 06.06.1966 | N57: No.4, Old Murugan Takkis, Main Street, Palanganatham, Madurai – 625003 Tamil Nadu. | O57: Church Of Divine Word | P57: Madurai | Q57: Tamil Nadu | R57: 9042255870 | S57: 12.02.2014 O2 | AG57: =COUNTA('All Details for ACID Pastor'!$U57:$AB57) -> 0 | AZ57: In active | BF57: =COUNTA('All Details for ACID Pastor'!$T57:$AB57) -> 0
A58: 59 | B58: TN0072 | C58: Rev. L. Stalin Arockia Selvan | D58: Member | E58: Pastor | J58: Rev.M. R. Davidraj | K58: 12.05.1974 | N58: M3/168, Koodal Puthur, Anaiyur [Po] – 625017, Madurai [Dt], Tamil Nadu. | O58: Jesus Is Good Miracle Prayer House | P58: Madurai | Q58: Tamil Nadu | R58: 8124242495 | S58: 12.02.2014 O2 | AG58: =COUNTA('All Details for ACID Pastor'!$U58:$AB58) -> 0 | AZ58: In active | BF58: =COUNTA('All Details for ACID Pastor'!$T58:$AB58) -> 0
A59: 60 | B59: TN0073 | C59: Rev. J. Stephen | D59: Member | E59: Pastor | J59: Rev. S. Daniel Saravanan | K59: 01.06.1967 | N59: 9/30, Barma Colony, Indra Nagar Main Rd, Konnavayan Salai, Thathaneri, Madurai – 625018, Tamil Nadu. | O59: Zion New Life Prayer House | P59: Madurai | Q59: Tamil Nadu | R59: 9840593639 | S59: 12.02.2014 O2 | U59: 14.02.2017 | V59: 14.02.2017 | W59: 25.02.2020 | X59: 25.02.2020 | Y59: 25.02.2020 | AG59: =COUNTA('All Details for ACID Pastor'!$U59:$AB59) -> 5 | AZ59: Active | BF59: =COUNTA('All Details for ACID Pastor'!$T59:$AB59) -> 5
A60: 61 | B60: TN0074 | C60: Rev. M. Selwin @ Velmurugan | D60: Member | E60: Pastor | J60: Rev.M. R. Davidraj | K60: 07.10.1969 | N60: 73-B, Mahathma Street, Vellaikannu Theatre Road, Madurai – 625010, Tamil Nadu. | O60: Messia Ministries Prayer House | P60: Madurai | Q60: Tamil Nadu | R60: 9524742258 | S60: 12.02.2014 O2 | AG60: =COUNTA('All Details for ACID Pastor'!$U60:$AB60) -> 0 | AZ60: In active | BF60: =COUNTA('All Details for ACID Pastor'!$T60:$AB60) -> 0
A61: 62 | B61: TN0075 | C61: Rev. A. Amoseraj | D61: Member | E61: Pastor | J61: Rev.M. R. Davidraj | K61: 29.08.1985 | N61: United Mission India A. Vellala Patty, Mealore [Via], Madurai [Dt] – 625301, Tamil Nadu. | O61: United Mission India | P61: Madurai | Q61: Tamil Nadu | R61: 9688376056 | S61: 12.02.2014 O2 | AG61: =COUNTA('All Details for ACID Pastor'!$U61:$AB61) -> 0 | AZ61: In active | BF61: =COUNTA('All Details for ACID Pastor'!$T61:$AB61) -> 0
A62: 63 | B62: TN0076 | C62: Rev. M. Issac Muthu | D62: Member | E62: Pastor | J62: Rev.M. R. Davidraj | K62: 16.04.1979 | M62: lgchurch1@gmail.com | N62: 78a, Alagar Koil Main Road, Iti Bus Stop, K. Puthur. Madurai – 625007 Tamil Nadu. | O62: Living God Church | P62: Madurai | Q62: Tamil Nadu | R62: 7708070008 | S62: 12.02.2014 O2 | U62: 12.02.2015 | V62: 12.04.2018 | W62: 12.04.2018 | X62: 12.04.2018 | AG62: =COUNTA('All Details for ACID Pastor'!$U62:$AB62) -> 4 | AZ62: In active | BF62: =COUNTA('All Details for ACID Pastor'!$T62:$AB62) -> 4
A63: 64 | B63: TN0077 | C63: Rev. M. Moses | D63: Member | E63: Pastor | J63: Rev.M. R. Davidraj | K63: 20.06.1969 | N63: 211/9, Sathgurunathar Street, Mooventhiran Street, Puthu Vilankudi. Madurai – 625018, Tamil Nadu. | O63: Fire Of Christ's Ministries | P63: Madurai | Q63: Tamil Nadu | R63: 9952465691 | S63: 12.02.2014 O2 | AG63: =COUNTA('All Details for ACID Pastor'!$U63:$AB63) -> 0 | AZ63: In active | BF63: =COUNTA('All Details for ACID Pastor'!$T63:$AB63) -> 0
A64: 65 | B64: TN0078 | C64: Rev. C. Chinnapparaj | D64: Member | E64: Pastor | J64: Rev. P. Paulraj Rirubakaran | K64: 18.03.1971 | N64: 18-A/1, Mettupatti, Seithur – 626121, Rajapalayam (Tk), Virudhunagar (Dt), Tamil Nadu. | O64: Seithur Deva Sabai | P64: Viruthunagar | Q64: Tamil Nadu | R64: 9751788300 | S64: 12.02.2014 O2 | U64: 12.10.2016 | V64: 12.10.2016 | W64: 15.10.2019 | X64: 15.10.2019 | Y64: 15.10.2019 | AB64: 12.04.2022 | AC64: 11.10.2023 | AD64: 11.10.2023 | AG64: =COUNTA('All Details for ACID Pastor'!$U64:$AB64) -> 6 | AZ64: Active | BC64: 2 | BF64: 8
A65: 66 | B65: TN0079 | C65: Rev. D.K. Deva Athisayam | D65: Member | E65: Pastor | J65: Rev. R. Venugopal | K65: 13.10.1959 | M65: kingdomofchristianearthmission@gmail.com | N65: 8/1C, Perumalkulam, Devanallur, K.C.Puram [Po] – 627502, Padmaneri [Via],Nanguneri [Tk], Thirunelveli [Dt], Tamil Nadu | O65: Kingdom Of Christ In Earth Mission | P65: Thirunelveli | Q65: Tamil Nadu | R65: 9843057399 | S65: 12.02.2014 O2 | U65: 11.06.2015 | V65: 12.04.2016 | W65: 19.04.2017 | X65: 10.04.2018 | AG65: =COUNTA('All Details for ACID Pastor'!$U65:$AB65) -> 4 | AZ65: In active | BF65: =COUNTA('All Details for ACID Pastor'!$T65:$AB65) -> 4
A66: 67 | B66: TN0080 | C66: Rev. K. Jossilas | D66: Member | E66: Pastor | J66: Rev. P. Paulraj Rirubakaran | K66: 01.07.1960 | N66: 14. Krishnana Kovil Street, Seithur – 626121, Rajapalayam [Tk], Virudhunagar (Dt), Tamil Nadu. | O66: Seithur Prayer House | P66: Viruthunagar | Q66: Tamil Nadu | R66: 9942807581 | S66: 12.02.2014 O2 | AG66: =COUNTA('All Details for ACID Pastor'!$U66:$AB66) -> 0 | AZ66: In active | BF66: =COUNTA('All Details for ACID Pastor'!$T66:$AB66) -> 0
A67: 68 | B67: TN0081 | C67: Rev. N. Ilayaraja @ Rajan | D67: Member | E67: Associate Pastor | J67: Rev. S. Sambath Solomon | K67: 06.06.1978 | L67: M | N67: Dymock Estate Post, Vandiperiyar – 685533 Idukki [Dt], Kerala State. | O67: Apostolic Church Of India | P67: Idukki North | Q67: Kerala | R67: 8086394382 | S67: 12.02.2014 O2 | AG67: =COUNTA('All Details for ACID Pastor'!$U67:$AB67) -> 0 | AZ67: In active | BF67: =COUNTA('All Details for ACID Pastor'!$T67:$AB67) -> 0
A68: 69 | B68: TN0082 | C68: Rev. J. Amburose | D68: D.O.S | E68: Pastor | J68: Rev. S. Sambath Solomon | K68: 05.01.1970 | L68: M | M68: www.amburosej70@gmail.com | N68: Dymock Estate Post, Vandiperiyar – 685553, Idukki District, Kerala State. | O68: Shalom Revival Fellowship Church | P68: Idukki North | Q68: Kerala | R68: 9645478988 | S68: 12.02.2014 O2 | U68: 16.10.2015 | V68: 07.03.2018 | W68: 07.03.2018 | X68: 07.03.2018 | Y68: 16.10.2018 | Z68: 25.02.2020 | AA68: 12.04.2022 | AB68: 12.04.2022 | AC68: 12.04.2023 | AG68: =COUNTA('All Details for ACID Pastor'!$U68:$AB68) -> 8 | AZ68: Active | BB68: 1 | BF68: 9
A69: 70 | B69: TN0083 | C69: Rev. M. John Peter | D69: Member | E69: Pastor | J69: Rev. S. Sambath Solomon | K69: 15.02.1976 | L69: M | M69: greenworldindya@gmail.com | N69: Dymock Estate Post, Vandiperiyar – 685533 Idukki [Dt], Kerala State. | O69: Kalvary Church | P69: Idukki North | Q69: Kerala | R69: 9526837095 | S69: 12.02.2014 O2 | AG69: =COUNTA('All Details for ACID Pastor'!$U69:$AB69) -> 0 | AZ69: In active | BF69: =COUNTA('All Details for ACID Pastor'!$T69:$AB69) -> 0
A70: 71 | B70: TN0084 | C70: Rev. M. Devadoss | D70: Member | E70: Pastor | J70: Rev. R. Elisha Anbu | K70: 14.06.1956 | N70: 11th Ward, Machur, Pannaikadu - 624201 Kodaikanal [Tk], Dindigul [Dt], Tamil Nadu. | O70: Bible Believers Assembly Church | P70: Dindigul | Q70: Tamil Nadu | R70: 9488955627 | S70: 12.02.2014 O2 | AG70: =COUNTA('All Details for ACID Pastor'!$U70:$AB70) -> 0 | AZ70: In active | BF70: =COUNTA('All Details for ACID Pastor'!$T70:$AB70) -> 0
A71: 72 | B71: TN0085 | C71: Rev. R. Raj @ Iyappan | D71: Member | E71: Pastor | J71: Rev. S. Sambath Solomon | K71: 03.10.1960 | L71: M | N71: Dymock Estat, Vandiperiyar – 685533 Idukki [Dt], Kerala State. | O71: Peniel Church | P71: Idukki North | Q71: Kerala | R71: 9048828969 | S71: 12.02.2014 O2 | U71: 11.04.2019 | AG71: =COUNTA('All Details for ACID Pastor'!$U71:$AB71) -> 1 | AZ71: In active | BF71: =COUNTA('All Details for ACID Pastor'!$T71:$AB71) -> 1
A72: 73 | B72: TN0086 | C72: Rev. J. Selvaraj | D72: Member | E72: Pastor | J72: Rev. P. Paulraj Rirubakaran | K72: 02.01.1974 | N72: 36/3, Bharathi Nagar, Mugavoor, Devathanam, Rajapalayam [Tk], Virudhunagar [Dt] – 626145, Tamil Nadu. | O72: Meetparin Jeba Veedu | P72: Viruthunagar | Q72: Tamil Nadu | R72: 9842072628 | S72: 12.02.2014 O2 | AG72: =COUNTA('All Details for ACID Pastor'!$U72:$AB72) -> 0 | AZ72: In active | BF72: =COUNTA('All Details for ACID Pastor'!$T72:$AB72) -> 0
A73: 74 | B73: TN0087 | C73: Rev. M. Sahayaraj | D73: Member | E73: Pastor | J73: Rev. D. Yesubatham | K73: 28.04.1970 | M73: sahayarajnesam@gmail.com | N73: East Street, Muthuthevanpatty, Veerapandi Post, Theni [Dt] - 625531, Tamilnadu. | O73: Holy Mount Prayer House | P73: Theni | Q73: Tamil Nadu | R73: 9942466587 | S73: 12.02.2014 O2 | U73: 12.02.2015 | V73: 12.04.2016 | AA73: 10.04.2021 | AB73: 10.04.2021 | AC73: 10.04.2021 | AD73: 10.04.2021 | AE73: 10.04.2021 | AG73: 2 | AZ73: Active | BD73: 5 | BE73: 5 | BF73: 9
A74: 75 | B74: TN0088 | C74: Rev. S. Jeyan | D74: Member | E74: Pastor | J74: Rev. R. Elisha Anbu | K74: 02.04.1979 | N74: 133/133, Old Adhidiravidar Colony, Angoorpalayam, Uthamapalayam [Tk], Theni [Dt], Tamilnadu. | O74: Christian Evangelical Fellowship Church | P74: Theni | Q74: Tamil Nadu | R74: 9659555100 | S74: 12.02.2014 O2 | AG74: =COUNTA('All Details for ACID Pastor'!$U74:$AB74) -> 0 | AZ74: Visited | BF74: =COUNTA('All Details for ACID Pastor'!$T74:$AB74) -> 0
A75: 76 | B75: TN0089 | C75: Rev. P. Paulraj Kirubakaran | D75: Member | E75: Pastor | K75: 06.03.1970 | M75: ppkiruba_svm@yahoo.co.in | N75: 5/407, ,Church Street, Samypuram Colony Sivakasi-626189, Tamilnadu. | O75: Gospel Trump Mission | P75: Sivakasi | Q75: Tamil Nadu | R75: 9345745708 | S75: 12.02.2014 O2 | U75: 20.01.2017 | V75: 20.01.2017 | W75: 20.01.2017 | AG75: =COUNTA('All Details for ACID Pastor'!$U75:$AB75) -> 3 | AZ75: In active | BF75: =COUNTA('All Details for ACID Pastor'!$T75:$AB75) -> 3
A76: 77 | B76: TN0090 | C76: Rev. M. Karuppaiah @ Paul | D76: Member | E76: Pastor | J76: Rev. D. Yesubatham | K76: 04.04.1967 | N76: 6-1-34, Pandiyan Cofee Opp, Muthuthevan Patti, Veerapandi [Po],Theni [Dt]-625531, Tamilnadu. | O76: Good Samaritan Fellowship Church | P76: Theni | Q76: Tamil Nadu | R76: 9597609250 | S76: 12.02.2014 O2 | AG76: =COUNTA('All Details for ACID Pastor'!$U76:$AB76) -> 0 | AZ76: Visited | BF76: =COUNTA('All Details for ACID Pastor'!$T76:$AB76) -> 0
A77: 78 | B77: TN0091 | C77: Rev. P. Soundar Raj | D77: Member | E77: Pastor | J77: Rev. R. Venugopal | K77: 18.10.1957 | M77: soundararajpaul@gmail.com | N77: 4-23, Ramasamypuram, Pallakurichi, Sathankulam Taluk, Tuticorin [Dt] - 628655, Tamilnadu. | O77: Elahddai Prayer House | P77: Tuticorin | Q77: Tamil Nadu | R77: 8760240669 | S77: 12.02.2014 O2 | U77: 12.02.2015 | V77: 12.04.2017 | W77: 12.04.2017 | X77: 25.02.2020 | Y77: 25.02.2020 | Z77: 25.02.2020 | AG77: =COUNTA('All Details for ACID Pastor'!$U77:$AB77) -> 6 | AZ77: Active | BF77: =COUNTA('All Details for ACID Pastor'!$T77:$AB77) -> 6
A78: 79 | B78: TN0092 | C78: Rev. D. Mohan @ Daniel | D78: Member | E78: Associate Pastor | J78: Rev. S. Sambath Solomon | K78: 18.02.1973 | N78: Dymock Estate Post, Vandiperiyar Via, Vandiperiyar, Kerala - 685533 | O78: True Jesus Church | P78: Vandiperiyar | Q78: Kerala | R78: 9562109002 | S78: 12.02.2014 O2 | AG78: =COUNTA('All Details for ACID Pastor'!$U78:$AB78) -> 0 | AZ78: In active | BF78: =COUNTA('All Details for ACID Pastor'!$T78:$AB78) -> 0
A79: 80 | B79: TN0093 | C79: Rev. L. Suresh Daniel | D79: Trustee/Synod Member | E79: Pastor | J79: Rev.M. R. Davidraj | K79: 12.06.1969 | M79: sureshdaniell@gmail.com | N79: 11/2, Soosai Nagar 3rd Street, C.A.S. Colony, Madurai – 625018, Tamilnadu. | O79: Good Shepherd Revival Church | P79: Madurai | Q79: Tamil Nadu | R79: 8760718137 | S79: 12.02.2014 O2 | U79: 16.10.2015 | V79: 25.02.2020 | W79: 25.02.2020 | X79: 25.02.2020 | Y79: 25.02.2020 | AG79: =COUNTA('All Details for ACID Pastor'!$U79:$AB79) -> 5 | AZ79: Active | BF79: =COUNTA('All Details for ACID Pastor'!$T79:$AB79) -> 5
A80: 81 | B80: TN0094 | C80: Rev. U. Maheswaran@ Samuel Mahesh | D80: Member | E80: Pastor | J80: Rev. M. Sam Satheesh Kumar | K80: 25.05.1980 | N80: Grace Of God Ministry, Melapudhur, Sattur (T.K), Virudhunagar [Dt]- Puthusurangudi [Po]-626203, Tamilnadu. | O80: Grace Of God Ministry | P80: Viruthunagar | Q80: Tamil Nadu | R80: 9626259388 | S80: 12.02.2014 O2 | AG80: =COUNTA('All Details for ACID Pastor'!$U80:$AB80) -> 0 | AZ80: In active | BF80: =COUNTA('All Details for ACID Pastor'!$T80:$AB80) -> 0
A81: 82 | B81: TN0095 | C81: Rev.M.Rathakrishnan | D81: Member | E81: Pastor | J81: Rev. Muthukrishnan | K81: 10.04.1972 | M81: giftson333@gmail.com | N81: 11 Cumbam Mainroad, Muthuthevanpatti Theni [Dt] ,Veerapandi post-625531 Tamilnadu. | O81: Village Revival Ministries | P81: Theni | Q81: Tamil Nadu | R81: 9344540705 | S81: 12.02.2014 O2 | AG81: =COUNTA('All Details for ACID Pastor'!$U81:$AB81) -> 0 | AZ81: In active Not in use | BF81: =COUNTA('All Details for ACID Pastor'!$T81:$AB81) -> 0
A82: 83 | B82: TN0096 | C82: Rev. S. Muthukrishnan@ John Wesley | D82: Member | E82: Pastor | J82: Rev. J. Job | K82: 07.05.1980 | N82: 13-5-34, Mahadma Gandhi Street, Palanichettipatti, Theni [Dt] - 625531, Tamilnadu | O82: ICII Blessing Prayer House | P82: Theni | Q82: Tamil Nadu | R82: 9790293100 | S82: 12.02.2014 O2 | AG82: =COUNTA('All Details for ACID Pastor'!$U82:$AB82) -> 0 | AZ82: In active Not Available | BF82: =COUNTA('All Details for ACID Pastor'!$T82:$AB82) -> 0
A83: 84 | B83: TN0097 | C83: S. Sundaram@ John Devasundaram | D83: Member | E83: Pastor | J83: Rev. J. Job | K83: 27.07.1961 | M83: ssundaram99@gmail.com | N83: M3/79, Mullainagar Housing Board, Aramanaipudhur Post, Theni District-625531, Tamilnadu. | O83: Evangelical Church | P83: Theni | Q83: Tamil Nadu | R83: 9865836423 | S83: 12.02.2014 O2 | AG83: =COUNTA('All Details for ACID Pastor'!$U83:$AB83) -> 0 | AZ83: Visited | BF83: =COUNTA('All Details for ACID Pastor'!$T83:$AB83) -> 0
A84: 85 | B84: TN0098 | C84: Rev. P. Selvaraj | D84: Member | E84: Pastor | J84: Rev. S. Sambath Solomon | K84: 12.07.1951 | N84: 24b/4, Northstreet, Kamatchipuram, Theni District-625520, Tamilnadu, | O84: Peniel Church | P84: Theni | Q84: Tamil Nadu | R84: 9159664989 | S84: 12.02.2014 O2 | U84: 12.02.2015 | V84: 12.04.2016 | AG84: =COUNTA('All Details for ACID Pastor'!$U84:$AB84) -> 2 | AZ84: Visited | BF84: =COUNTA('All Details for ACID Pastor'!$T84:$AB84) -> 2
A85: 86 | B85: TN0099 | C85: Rev. T. Sebastian | D85: Member | E85: Pastor | J85: Rev. John Sesaron | K85: 15.12.1967 | M85: tsebastinjoy@gmail.com | N85: 12, Kurunji Street, Kamaraj Nagar, Gorimedu, Pondicherry – 605006 | O85: Prince Of Peace Church | P85: Pudhuchery | Q85: Pudhuchery | R85: 9345421267 | S85: 12.02.2014 O2 | U85: 11.06.2015 | V85: 19.06.2016 | W85: 12.04.2018 | X85: 12.04.2018 | Y85: 01.11.2019 | Z85: 01.11.2019 | AG85: =COUNTA('All Details for ACID Pastor'!$U85:$AB85) -> 6 | AZ85: Active | BF85: =COUNTA('All Details for ACID Pastor'!$T85:$AB85) -> 6
A86: 87 | B86: TN0101 | C86: Rev. B. Ezekiel | D86: Member | E86: Pastor | J86: Rev.M. R. Davidraj | K86: 31.07.1976 | N86: L.312, Tnhb Nethajipuram, Neelikonampalayam [Po], Coimbator - 641033, Tamilnadu. | O86: Jeeva Varthai Prayer House | P86: Coimbatore | Q86: Tamil Nadu | R86: 9994407001 | S86: 12.02.2014 O2 | U86: 06.09.2016 | V86: 12.10.2016 | W86: 17.08.2017 | AG86: =COUNTA('All Details for ACID Pastor'!$U86:$AB86) -> 3 | AZ86: In active | BF86: =COUNTA('All Details for ACID Pastor'!$T86:$AB86) -> 3
A87: 88 | B87: TN0102 | C87: Rev. M.Chinnathambi Yesudos | D87: D.O.S | E87: Pastor | J87: Rev. A. Mohan Raj | K87: 25.12.1964 | L87: M | N87: 251, Sureyanalli [Po], Idukki [Dt], Munnar, Kerala - 685618, | O87: Faith Prayer Fellowship Church | P87: Idukki South | Q87: Kerala | R87: 9495838152 | S87: 12.02.2014 O2 | U87: 12.02.2015 | V87: 12.04.2016 | W87: 19.04.2017 | X87: 11.04.2019 | Z87: 12.04.2022 | AA87: 12.04.2022 | AB87: 12.04.2022 | AC87: 12.04.2023 | AD87: 10.04.2024 | AG87: =COUNTA('All Details for ACID Pastor'!$U87:$AB87) -> 7 | AZ87: Active | BB87: 1 | BE87: 1 | BF87: 8
A88: 89 | B88: TN0103 | C88: Rev. R. Manikandan @ David | D88: Member | E88: Pastor | J88: Rev. M. Sam Satheesh Kumar | K88: 01.06.1983 | M88: davidmanikandan@gmail.com | N88: H. No-10-4-16, Karrupusamy Kovil Street, M.C. Puram [Po], B Dharmathupatty, Bodinayakannur, Theni [Dt] - 625582, Tamilnadu, | O88: Devasabai Prayer House | P88: Theni | Q88: Tamil Nadu | R88: 9787907796 | S88: 12.02.2014 O2 | U88: 12.02.2015 | V88: 08.11.2016 | AG88: =COUNTA('All Details for ACID Pastor'!$U88:$AB88) -> 2 | AZ88: Visited | BF88: =COUNTA('All Details for ACID Pastor'!$T88:$AB88) -> 2
A89: 90 | B89: TN0104 | C89: Rev.P. Pattanimuthu@ PPM. David | D89: Member | E89: Pastor | K89: 26.04.1963 | M89: prppmdavid@gmail.com | N89: Shalom Illam, I Ward, Ptr Nagar, Satur (Po), Peraiyur Taluk, Madurai [Dt] - 625705, Tamilnadu. | O89: Jesus's Word Ministry Prayer House | P89: Madurai | Q89: Tamil Nadu | R89: 9487870997 | S89: 12.02.2014 O2 | AG89: =COUNTA('All Details for ACID Pastor'!$U89:$AB89) -> 0 | AZ89: Active | BF89: =COUNTA('All Details for ACID Pastor'!$T89:$AB89) -> 0
A90: 91 | B90: TN0105 | C90: Rev. S. David Kumaresan | D90: Member | E90: Pastor | J90: Rev. R. Elisha Anbu | K90: 23.04.1955 | N90: 361/5, Kalani, Mullai Nagar, Aramanai Pudhur, Theni [Dt] - 625531, Tamilnadu. | O90: Church Of Glory | P90: Theni | Q90: Tamil Nadu | R90: 9790593533 | S90: 12.02.2014 O2 | AG90: =COUNTA('All Details for ACID Pastor'!$U90:$AB90) -> 0 | AZ90: Active Visited | BF90: =COUNTA('All Details for ACID Pastor'!$T90:$AB90) -> 0
A91: 92 | B91: TN0106 | C91: Rev. Robert Kennedy | D91: D.O.S | E91: Pastor | J91: Rev.M. R. Davidraj | K91: 18.05.1962 | L91: M | M91: robertkennedy277@gmail.com | N91: 130, 1st B- Main Road, 8th Cross, Jesus Blessing Church, Preethi Nagar, Laggere, Bangalore – 560058, Karnataka. | O91: Jesus Blessing Church | P91: Bangalore | Q91: Karnataka | R91: 9036979301 | S91: 12.02.2014 O2 | U91: 12.02.2015 | V91: 12.04.2016 | AG91: =COUNTA('All Details for ACID Pastor'!$U91:$AB91) -> 2 | AZ91: In active | BF91: =COUNTA('All Details for ACID Pastor'!$T91:$AB91) -> 2
A92: 93 | B92: TN0107 | C92: Rev. S. Daniel | D92: Member | E92: Pastor | J92: Rev. Ranjith Kumar | K92: 10.04.1975 | L92: M | M92: jmic.daniels@gmail.com | N92: Grace Cottage Settilmet Colony,Munnar, Idukki - 685612, Kerala State. | O92: Grace Living Church | P92: Idukki South | Q92: Kerala | R92: 9400236791 | S92: 12.02.2014 O2 | AG92: =COUNTA('All Details for ACID Pastor'!$U92:$AB92) -> 0 | AZ92: In active | BF92: =COUNTA('All Details for ACID Pastor'!$T92:$AB92) -> 0
A93: 94 | B93: TN0108 | C93: Rev. A. S. Arogyaswami @ James | D93: Member | E93: Pastor | J93: Rev. R. Elisha Anbu | K93: 17.04.1955 | N93: 482-9/269, Puthanveettil, 7-Annakara, Vandanmedu Panchayat,Udumbanchola, Kerala | O93: Christian Evangelical Fellowship | P93: Udumbanchola | Q93: Kerala | R93: 9787042192 | S93: 12.02.2014 O2 | U93: 13.06.2017 | V93: 13.06.2017 | W93: 13.06.2017 | X93: 07.03.2018 | Y93: 17/02/2021 | Z93: 17/02/2021 | AA93: 17/02/2021 | AB93: 12.042022 | AG93: =COUNTA('All Details for ACID Pastor'!$U93:$AB93) -> 8 | AZ93: Active | BF93: =COUNTA('All Details for ACID Pastor'!$T93:$AB93) -> 8
A94: 95 | B94: TN0109 | C94: Rev. S. Pitchaimani@ Charles | D94: Member | E94: Pastor | J94: Rev. J. Job | K94: 28.01.1962 | N94: South Jeganathapuram, 8-4-19, Oht Street, P.C.Patti, Theni [Dt] - 625531, Tamilnadu. | O94: Good Samaritan Church | P94: Theni | Q94: Tamil Nadu | R94: 9790687023 | S94: 12.02.2014 O2 | AG94: =COUNTA('All Details for ACID Pastor'!$U94:$AB94) -> 0 | AZ94: Visited | BF94: =COUNTA('All Details for ACID Pastor'!$T94:$AB94) -> 0
A95: 96 | B95: TN0110 | C95: Rev. G. Paulraj @ Paul | D95: Member | E95: Pastor | J95: Rev. M. Sam Satheesh Kumar | K95: 22.07.1984 | M95: dpaulraj82@gmail.com | N95: 9/N, Pudhupatti, Nilakottai [Tk], Dindigul - 624208, Tamilnadu. | O95: Gypsy Ministry | P95: Dindigul | Q95: Tamil Nadu | R95: 9659716166 | S95: 12.02.2014 O2 | U95: 12.02.2015 | AG95: =COUNTA('All Details for ACID Pastor'!$U95:$AB95) -> 1 | AZ95: Active | BF95: =COUNTA('All Details for ACID Pastor'!$T95:$AB95) -> 1
A96: 97 | B96: TN0111 | C96: Rev. K. Johnson Sebastian | D96: Member | E96: Pastor | J96: Rev. A. Mohan Raj | K96: 15.12.1969 | M96: ksjohnsonsebastian@gmail.com | N96: 22W/32, Ponnapalam Street, Opp. Bustant, Bodinayakkanur, Theni [Dt] - 625513, Tamilnadu. | O96: Grace Mission Fellowship India | P96: Theni | Q96: Tamil Nadu | R96: 8608348894 | S96: 12.02.2014 O2 | AG96: =COUNTA('All Details for ACID Pastor'!$U96:$AB96) -> 0 | AZ96: Visited | BF96: =COUNTA('All Details for ACID Pastor'!$T96:$AB96) -> 0
A97: 98 | B97: TN0112 | C97: Rev. M. Selvaraj | D97: Member | E97: Pastor | J97: Rev. V. David | K97: 10.05.1965 | M97: selvadmm2013@gmail.com | N97: 2/41, West Street, Amathur Post, Virudhunagar [Dt] - 626005, Tamilnadu, | O97: Daniel Missionary Movement Church | P97: Viruthunagar | Q97: Tamil Nadu | R97: 9843508906 | S97: 12.02.2014 O2 | AG97: =COUNTA('All Details for ACID Pastor'!$U97:$AB97) -> 0 | AZ97: In active | BF97: =COUNTA('All Details for ACID Pastor'!$T97:$AB97) -> 0
A98: 99 | B98: TN0113 | C98: Rev. V. Jayaseelan @ Gurusamy | D98: Member | E98: Pastor | J98: Rev.M. R. Davidraj | K98: 04.01.1955 | N98: M-4, 243, Tnhb Colony, Sector 6, Koodal Puthur, Madurai – 625017, Tamil Nadu. | O98: Tamil Mission Church | P98: Madurai | Q98: Tamil Nadu | R98: 8098753420 | S98: 12.02.2014 O2 | AG98: =COUNTA('All Details for ACID Pastor'!$U98:$AB98) -> 0 | AZ98: In active | BF98: =COUNTA('All Details for ACID Pastor'!$T98:$AB98) -> 0
A99: 100 | B99: TN0114 | C99: Rev. S. Ganesan @ David | D99: Member | E99: Pastor | J99: Rev.M. R. Davidraj | K99: 04.06.1959 | L99: M | M99: paul.hagin@gmail.com | N99: Panniar Estate Post - 685613 Devikulam Via, Idukki District, Kerala State. | O99: Covenant Stone Ministries | P99: Idukki North | Q99: Kerala | R99: 9595814331 | S99: 12.02.2014 O2 | AG99: =COUNTA('All Details for ACID Pastor'!$U99:$AB99) -> 0 | AZ99: In active | BF99: =COUNTA('All Details for ACID Pastor'!$T99:$AB99) -> 0
A100: 101 | B100: TN0115 | C100: Rev. Swami Adimai Chinnapavu | D100: Member | E100: Pastor | J100: Rev. P. Paulraj Rirubakaran | K100: 13.05.1964 | N100: 2/189 A, Siluvai Vilai Street, Yacobu Puram, Radhapuram - 627114 Thirunelveli [Dt], | O100: Yesuvin Thottam | P100: Thirunelveli | Q100: Tamil Nadu | R100: 9487346564 | S100: 12.02.2014 O2 | AG100: =COUNTA('All Details for ACID Pastor'!$U100:$AB100) -> 0 | AZ100: In active | BF100: =COUNTA('All Details for ACID Pastor'!$T100:$AB100) -> 0
...

Sheet D.O.S
A1: S.No | B1: Reg.No | C1: Name | D1: Designation | E1: District | F1: Reference Details | G1: Address | H1: Phone No.
A2: 1 | B2: TN0023 | C2: Rev. B. Sesan George | D2: D.O.S | E2: Karur | F2: Rt. Rev. S. Johnson Durai | G2: Church Of God, Mohan Nagar 1st Street,Sugar Factory (Opp), Pugalur. – 639 113.Karur [Dt], Tamil Nadu. | H2: 89258 01073
A3: 2 | B3: TN0048 | C3: Rev. A. Chinnappadoss | D3: D.O.S | E3: Virudhunagar | F3: Rev. J. Job | G3: Apostolic Christian Ministries Foundation 3/274 – D5 Mayiladundurai, Anuppankulam – 626 189, Sivakasi [Tk], Virudhunagar [Dt], Tamil Nadu. | H3: 99446 62106
A4: 3 | B4: TN0082 | C4: Rev. J. Amburose | D4: D.O.S | E4: Idukki South | F4: Rev. S. Sambath Solomon | G4: Dymock Estate Post, Vandiperiyar – 685553, Idukki District, Kerala State. | H4: 9645478988
A5: 4 | B5: TN0099 | C5: Rev. T. Sebastian | D5: D.O.S | E5: Pudhuchery | F5: Rev. John Sesaron | G5: 12, Kurunji Street, Kamaraj Nagar, Gorimedu, Pondicherry – 605006 | H5: 9345421267
A6: 5 | B6: TN0102 | C6: Rev. M.Chinnathambi Yesudos | D6: D.O.S | E6: Idukki North | F6: Rev. A. Mohan Raj | G6: Faith Prayer Fellowship Church, 251, Sureyanalli [Po], Idukki [Dt], Munnar, Kerala - 685618, | H6: 9495838152
A7: 6 | B7: TN0187 | C7: Rev. F. Anthony Raj | D7: Zonal Head | E7: Trichy | G7: Vinnaha Thoothu No.3/842, Venugopal Nagar 2ndstreet, North Kattur, Trichy – 620019, Tamilnadu. | H7: 9543519573
A8: 7 | B8: TN0214 | C8: Rev. G. Edwin Joseph Selvaraj | D8: D.O.S | E8: Trichy | F8: Rev. F. Anthony Raj | G8: Bethel Faith Prayer House 27, 2nd Street, Mannarpuram, Trichy – 620020, Tamilnadu. | H8: 9842863701
A9: 8 | B9: TN0368 | C9: Rev. C. John Subar Singh | D9: D.O.S | E9: Kanniyakumar | F9: Rev. S. Baisil | G9: 9/10 B, Palla Vilai Melmidalam-629152 Vilavancode, Kanniyakumari[Dt] Tamilnadu. | H9: 7639447591
A10: 9 | B10: TN0413 | C10: Rev. S. Anand | D10: D.O.S | E10: Kanchipuram East | F10: Rev. S. Stephen Nagappan | G10: Creator Mission Church 389, TTC Nagar, Adhanoor, Guduvancheri,Sriperumpathur [Tk], Kanchipuram [Dt] – 603202, Tamilnadu. | H10: 9176539539
A11: 10 | B11: TN0518 | C11: Rev.B.Simson | D11: D.O.S | E11: Vellore | F11: Rev. Y. Santhakumar | G11: 124/53,Meddu Street Balur Vill Kothur (PO)-635808 Gudiyatham,Vellore[Dt] Tamilnadu. | H11: 9943759925
A12: 11 | B12: TN0007 | C12: Rev. A. Pounraj | D12: Zonal Head | E12: Villupuram | F12: Rt. Rev. S. Johnson Durai | G12: Apostolic Fellowship Tabernacle, No:135, Kaloor Road, Appasamy Nagar, Tindivanam – 604 002, Tamil Nadu. | H12: 9894961442
A13: 12 | B13: TN0466 | C13: Rev. D. Antoni Raj | D13: Trustee | E13: Trichy | F13: Rev. F. Anthony Raj | G13: Living Redeemer Church A-304 - Vel Avenue, 11/1 – Royal Road, Cantonment – 620001, Trichy [Dt], Tamilnadu. | H13: 9842416106
A14: 13 | B14: TN0249 | C14: Rev. P. Santhosam | D14: D.O.S | E14: Kanchipuram | F14: Rev. S. Adham | G14: New Covenant Gospel Church No.202, Mariamman Koil, Agaram - Village, Thennari (Po) - 631604, Kanchipuram, Tamilnadu. | H14: 9789253631
A15: 14 | B15: TN0283 | C15: Rev. Y. Santhakumar | D15: D.O.S | E15: Krishnagiri | F15: Rev. C. K. Daniel Kesavan | G15: Christ Church 24/1, Kathavani, Karappattu (Po) – 635207, Uthangarai (Tk), Krishnagiri (Dt), Tamilnadu. | H15: 9443390461
A16: 15 | B16: TN0012 | C16: Rev. R. Gnana Inbavanan | D16: D.O.S | E16: Dindigul | F16: John Peter | G16: Blessed Hope Fellowship Church, Gandhi Nagar Main Road, Batlagundu – 624202. Dindigul District. Tamil Nadu. | H16: +91 9787023637
A17: 16 | B17: TN0135 | C17: Rev. D. John Abraham | D17: D.O.S | E17: Tirunelveli | F17: Rev. D. K. Deva Athisayam | G17: Karunya Penticostal Church 17/1 Indra Nagar, Pathai [Po]- 627501, Kalakkadu [Via],Nanguneri [Tk], Nellai [Dt], Tamil Nadu. | H17: 9791758596

Sheet Marriage Registration
A1: Reg.No | B1: Date | C1: Book Number | D1: Name | E1: Ministering Location | F1: Before Banns | G1: After Banns | H1: Marriage Register | I1: Status | J1: 2014 -2015 | K1: 2015 - 2016 | L1: 2016-2017 | M1: 2017-2018 | N1: 2018-2019 | O1: 2019-2020
F2: From - To | G2: From - To | H2: From - To
A3: TN0001 | B3: 16.10.2013 | C3: 1 | D3: Rt. Rev. S. Johnson Durai | E3: Dindigul | F3: 01 _ 20 | G3: 01 _ 20 | H3: 01 _ 20 | I3: Not | J3: 4 | K3: 1 | L3: 1 | M3: 1
A4: TN0002 | B4: 16.10.2013 | C4: 2 | D4: Rev. Dr. Gabriel James | E4: Nagarcoil | F4: 21_40 | G4: 21_40 | H4: 21_40 | I4: Returned
A5: TN0003 | B5: 16.10.2013 | C5: 3 | D5: Rev. T. Anandraj | E5: Coimbatore | F5: 41_60 | G5: 41_60 | H5: 41_60 | I5: Returned
A6: TN0004 | B6: 16.10.2013 | C6: 4 | D6: Rev. Clemant Alex | E6: Chennai | F6: 61_80 | G6: 61_80 | H6: 61_80 | I6: Not
A7: TN0006 | B7: 16.10.2013 | C7: 5 | D7: Rev. M. R. Davidraj | E7: Madurai | F7: 81_100 | G7: 81_100 | H7: 81_100 | I7: Not
A8: TN0007 | B8: 16.10.2013 | C8: 6 | D8: Rev. A. Pounraj | E8: Chennai | F8: 101_ 120 | G8: 101_ 120 | H8: 101_ 120 | I8: Not | N8: 2
A9: TN0024 | D9: Rev. S. Stephen Nagappan | E9: Sivakasi | F9: 121 _140 | G9: 121 _140 | H9: 121 _140
A10: TN0089 | B10: 12.02.2014 | C10: 7 | D10: Rev. P. Pavlraj Kirubakaran | E10: Sivakasi | F10: 121 _140 | G10: 121 _140 | H10: 121 _140 | I10: Not | J10: 15 | L10: 5 | O10: 1
A11: TN0029 | B11: 12.02.2014 | C11: 8 | D11: Rev. Amos | E11: Thiruvannamalai | F11: 141_160 | G11: 141_160 | H11: 141_160 | I11: Returned
A12: TN0013 | B12: 12.04.2014 | C12: 9 | D12: Rev. j. Job | E12: Theni | F12: 161_ 180 | G12: 161_ 180 | H12: 161_ 180 | I12: Not
A13: TN0023 | B13: 12.04.2014 | C13: 10 | D13: Rev. Sean George | E13: Karur | F13: 181_ 200 | G13: 181_ 200 | H13: 181_ 200 | I13: Not
A14: TN0021 | B14: 12.04.2014 | C14: 11 | D14: Rev. Sampath Salomon | E14: Uthama Palayam | F14: 201_ 220 | G14: 201_ 220 | H14: 201_ 220 | I14: Not
A15: TN0082 | B15: 12.04.2014 | C15: 12 | D15: Rev. J. Ambrose | E15: Vandiperiyar | F15: 221_ 240 | G15: 221_ 240 | H15: 221_ 240 | I15: Not
A16: TN0116 | C16: 13 | D16: Rev. R. Stanley Joansraj | E16: Vanthavasi | F16: 241_ 260 | G16: 241_ 260 | H16: 241_ 260 | I16: Not | J16: 3 | L16: 7 | M16: 7
A17: TN0115 | C17: 14 | D17: Rev. Dr. Swamy Adimai Chinnapavu | E17: Tirnelveli | F17: 261 _ 280 | G17: 261 _ 280 | H17: 261 _ 280 | I17: Returned
A18: TN0106 | C18: 15 | D18: Rev. K. Robert Kennady | E18: Bangalore | F18: 281 _300 | G18: 281 _300 | H18: 281 _300 | I18: Not
A19: TN0099 | C19: 16 | D19: Rev. T. Sebastian | E19: Pandicherry | F19: 301_ 320 | G19: 301_ 320 | H19: 301_ 320 | I19: Not
A20: TN0102 | C20: 17 | D20: Rev. M. Yesudas | E20: Munnar | F20: 321_ 340 | G20: 321_ 340 | H20: 321_ 340 | I20: Not
A21: TN0125 | C21: 18 | D21: Rev. G. P. Arockia Swamy | E21: Kanchipuram | F21: 341 _360 | G21: 341 _360 | H21: 341 _360 | I21: Returned
A22: TN0218 | D22: Rev. A. Arul | F22: 341 _360 | G22: 341 _360 | H22: 341 _360 | I22: Not | K22: 2
A23: TN0101 | C23: 19 | D23: Rev.D. Ezekiel | E23: Coimbatore | F23: 361 _380 | G23: 361 _380 | H23: 361 _380 | I23: Returned | L23: 2
A24: TN0241 | C24: 20 | D24: Rev. S. P. Yesupaul | E24: Nellai | F24: 381 _400 | G24: 381 _400 | H24: 381 _400 | I24: Returned | K24: 3
A25: TN0268 | C25: 21 | D25: Rev. S. S. Paul | E25: Mayiladuthurai | F25: 401 _420 | G25: 401 _420 | H25: 401 _420 | I25: Not
A26: TN0187 | C26: 22 | D26: Rev. F. Anthony Raj | E26: Tiruchirapalli | F26: 421 _440 | G26: 421 _440 | H26: 421 _440 | I26: Not | L26: 2
A27: TN0230 | C27: 23 | D27: Rev. S. Lazarus | E27: Cheyyaam | F27: 441 _460 | G27: 441 _460 | H27: 441 _460 | I27: Returned
A28: TN0283 | B28: 12.03.2015 | C28: 24 | D28: Rev. Y. Santha Kumar | E28: Krishnagiri | F28: 461- 480 | G28: 461- 480 | H28: 461- 480 | I28: Returned
A29: TN0373 | B29: 04.08.2015 | C29: 25 | D29: Rev. C. Paul | E29: Chittoor | F29: 481 - 500 | G29: 481 - 500 | H29: 481 - 500 | I29: Not | K29: 1 | N29: 1
A30: TN0166 | B30: 16.10.2016 | C30: 26 | D30: Rev. C. Daniel Kesavan | E30: Vellore | F30: 501 -520 | G30: 501 -520 | H30: 501 -520 | I30: Returned
A31: TN0413 | B31: 09.02.2016 | C31: 27 | D31: Rev. S. Anand | E31: Kanchipuram | F31: 521 - 540 | G31: 521 - 540 | H31: 521 - 540 | I31: Not | K31: 1 | L31: 1
A32: TN0470 | C32: 28 | D32: Rev. J. Solomon | E32: Gantur | F32: 541 - 560 | G32: 541 - 560 | H32: 541 - 560 | I32: Not
A33: TN0048 | B33: 19.04.2016 | C33: 29 | D33: Rev. A. Chinnappadoss | E33: Sivakasi | F33: 561 - 580 | G33: 561 - 580 | H33: 561 - 580 | I33: Not | L33: 1 | M33: 3
A34: TN0404 | C34: 30 | D34: Rev. J. P. Joni Edwin Raj | E34: Kanniyakumari | F34: 581 -600 | G34: 581 -600 | H34: 581 -600 | I34: Not
A35: TN0473 | C35: 31 | D35: Rev. J. Paul Durai | E35: Mumbi | F35: 601 - 620 | G35: 601 - 620 | H35: 601 - 620 | I35: Not
A36: TN0079 | B36: 21.01.2017 | C36: 20 | D36: Rev. D. K. Deva Athisayam | E36: Tirunelveli | F36: 381 - 400 | G36: 381 - 400 | H36: 381 - 400 | I36: Not | N36: 2
A37: TN0249 | B37: 19.04.2017 | C37: 32 | D37: Rev. P. Santhosam | E37: Kanchipuram | F37: 621 -640 | G37: 621 -640 | H37: 621 -640 | I37: Not
A38: TN0536 | B38: 12.04.2018 | C38: 26 A | D38: Rev. D. Bala Justin Raj | E38: Madurai | F38: 26 - 30 | G38: 26 - 30 | H38: 26 - 30 | I38: Not
A39: TN0534 | B39: 26.04.2018 | C39: 26 B | D39: Rev. M. Martin Munisamy | E39: Ramanathapuram | F39: 31 - 35 | G39: 31 - 35 | H39: 31 - 35 | I39: Not | N39: 1
A40: TN0165 | B40: 26.04.2018 | C40: 26 C | D40: Rev. S. Yesumuthu | E40: Coimbatore | F40: 36 - 40 | G40: 36 - 40 | H40: 36 - 40 | I40: Returned | L40: 3 | M40: 1 | N40: 3 | O40: 1
A41: TN0523 | B41: 25.09.2018 | C41: 33 | D41: Rev. P. Sasikumar | E41: Salem | F41: 641 - 645 | G41: 641 - 645 | H41: 641 - 645 | I41: Not
A42: TN0518 | B42: 16.10.2018 | C42: 33 A | D42: Rev. B. Simson | E42: Vellore | F42: 646 -650 | G42: 646 -650 | H42: 646 -650 | I42: Not
A43: TN0135 | B43: 21.12.2018 | C43: 33 B | D43: Rev. John Abraham | F43: 651 - 655 | G43: 651 - 655 | H43: 651 - 655 | I43: Returned
A44: TN0165 | B44: 21.05.2019 | C44: 33 C | D44: Rev. S. Yesumuthu | E44: Coimbatore | F44: 656 - 660 | G44: 656 - 660 | H44: 656 - 660 | I44: Not | O44: 2
A45: TN0395 | B45: 13.08.2019 | C45: 34 | D45: Rev. J. Francis Xavier | E45: Pudhukottai | F45: 661 - 665 | G45: 661 - 665 | H45: 661 - 665 | I45: Not
A46: TN0165 | B46: 25.02.2020 | C46: 35B | D46: Rev. S. Yesumuthu | E46: Coimbatore | F46: 691-695 | G46: 691-695 | H46: 691-695 | I46: Not
A47: TN0518 | B47: 11.11.2020 | C47: 33B | D47: Rev. B. Simson | E47: Ponneri | F47: 651-655 | G47: 651-655 | H47: 651-655 | I47: Not
A48: TN0572 | B48: 11.11.2020 | C48: 34C | D48: Rev.G. Kamaraj David | E48: Gudiyattam | F48: 676-680 | G48: 676-680 | H48: 676-680 | I48: Not
A49: TN0534 | B49: 11.11.2020 | C49: 35C | D49: Rev.M. Martin | E49: Ramanathapuram | F49: 696-700 | G49: 696-700 | H49: 696-700 | I49: Not
A50: TN0281 | B50: 11.11.2020 | C50: 36 | D50: Rev.P. Phillip Senthil Kumar | E50: Ooty | F50: 701-705 | G50: 701-705 | H50: 701-705 | I50: Not
A51: TN0587 | B51: 13.04.2021 | C51: 36A | D51: Rev.D.V. Issac Timothy | E51: Palakarai, Trichy | F51: 706-710 | G51: 706-710 | H51: 706-710 | I51: Not
A52: TN | B52: 23.05.2021 | C52: 34A | D52: Rev. John Jebaraj | E52: Coimbatore | F52: 666-670 | G52: 666-670 | H52: 666-670 | I52: Not
A54: Total | J54: =SUBTOTAL(109,'Marriage Registration'!$J$2:$J$53) -> 22 | K54: =SUBTOTAL(109,'Marriage Registration'!$K$2:$K$53) -> 8 | L54: =SUBTOTAL(109,'Marriage Registration'!$L$2:$L$53) -> 22 | M54: =SUBTOTAL(109,'Marriage Registration'!$M$2:$M$53) -> 12 | N54: =SUBTOTAL(109,'Marriage Registration'!$N$2:$N$53) -> 9 | O54: =SUBTOTAL(109,'Marriage Registration'!$O$2:$O$53) -> 4

Sheet Sheet1
